Description_bearish,bearish_titles,Description_bullish,bullish_titles
AI module anticipates a bearish trajectory for AAPL over the next 10 hours.,Caution Advised: Bearish AAPL Signal,AI module foresees a bullish trajectory for AAPL over the next 10 hours.,AI Forecasts Upward Movement for AAPL
"Expect AAPL to trend downwards, AI analysis indicates, for the next 10 hours.",Bearish Trends: AAPL Analysis,"Expect AAPL to trend upwards, AI analysis indicates, for the next 10 hours.",Bullish Sentiment: AAPL Analysis
Bearish sentiment dominates AI's AAPL forecast for the upcoming 10 hours.,AAPL Forecast: Negative Outlook,Bullish sentiment prevails in AI's AAPL forecast for the upcoming 10 hours.,Prepare for Higher AAPL: AI Prediction
AI predicts a decline for AAPL in the next 10 hours.,AAPL Analysis: Expecting Bearish Phase,AI predicts an upward movement for AAPL in the next 10 hours.,Prepare for Higher AAPL: AI Prediction
"AAPL likely to experience a bearish trend, AI projection suggests, over the next 10 hours.",Warning Signs: AAPL Bearish Forecast,"AAPL likely to experience a bullish trend, AI projection suggests, over the next 10 hours.",AAPL Analysis: Expecting Bullish Phase
"Pressure mounts as AAPL faces potential downtrend, AI suggests.",Potential Downturn: AAPL Forecast,Bullish momentum builds as AI forecasts positive trajectory for AAPL.,AAPL Analysis: Signs of Bullishness
"Be cautious as AAPL shows signs of potential decline, according to AI analysis.",Watch for Bearish Trends: AAPL Forecast,Expect growth in AAPL as AI detects bullish signals in the next 10 hours.,Forecast: AAPL Likely to Increase
AI identifies a bearish signal in AAPL trajectory for the next 10 hours.,Watch for Bearish Trends: AAPL Forecast,AI identifies a bullish signal in AAPL trajectory for the next 10 hours.,AAPL Analysis: Signs of Bullishness
"Prepare for possible downtrend in AAPL, AI forecasts.",Watch for Bearish Trends: AAPL Forecast,"Prepare for potential uptrend in AAPL, AI forecasts.",Potential Upswing: AAPL Forecast
AI analysis indicates potential decrease in AAPL value over the next 10 hours.,Caution Advised: Bearish AAPL Signal,AI analysis indicates potential increase in AAPL value over the next 10 hours.,Positive Outlook: Bullish AAPL Prediction
AI predicts bearish momentum for AAPL in the upcoming 10 hours.,Prepare for Lower AAPL: AI Prediction,AI predicts bullish momentum for AAPL in the upcoming 10 hours.,Upward Momentum Expected: AAPL Prediction
"Be wary of downward movement in AAPL, AI warns.",Bearish Trends: AAPL Analysis,"Anticipate upward movement in AAPL, AI suggests.",Forecast: AAPL Likely to Increase
"Watch out for bearish momentum in AAPL, AI suggests.",Downward Pressure: AAPL Analysis,"Watch out for bullish momentum in AAPL, AI advises.",Bullish Trends: AAPL Analysis
"AI detects potential for bearish movement in AAPL, prepare accordingly.",Watch for Bearish Trends: AAPL Forecast,"AI detects potential for bullish movement in AAPL, prepare accordingly.",Potential Uptrend: AAPL Prediction
AI forecasts negative outlook for AAPL over the next 10 hours.,Warning Signs: AAPL Bearish Forecast,AI forecasts positive outlook for AAPL over the next 10 hours.,Expect Growth: AAPL Could Rise
AI analysis indicates signs pointing towards a bearish phase for AAPL.,Forecast: AAPL Likely to Decrease,AI analysis indicates signs pointing towards a bullish phase for AAPL.,Prepare for Higher AAPL: AI Prediction
"Prepare for potential downturn in AAPL value, AI forecasts.",Warning Signs: AAPL Bearish Forecast,"Prepare for potential upswing in AAPL value, AI forecasts.",Prepare for Higher AAPL: AI Prediction
"AI suggests lower AAPL values in the near future, prepare for impact.",Bearish Momentum: AAPL Projection,"AI suggests higher AAPL values in the near future, prepare for impact.",Optimistic Signals: AAPL Bullish Forecast
"AI advises vigilance against bearish trends in AAPL, monitor closely.",AAPL: Bearish Momentum Expected,"AI advises vigilance against bullish trends in AAPL, monitor closely.",Bullish Signal Detected: AAPL Analysis
AI analysis suggests AAPL may enter a bearish phase soon.,Caution Advised: Bearish AAPL Signal,AI analysis suggests AAPL may enter a bullish phase soon.,Positive Outlook: Bullish AAPL Prediction
